id;identifier;jhi_order;label;necessary;exclusive;question_id
1;FATHER_BREAST_CANCER_NO;80313;Point Orchestrator;false;true;1
2;SELF_BREAST_BIOPSY_NO;18651;Refined Rubber Gloves Algerian Dinar Clothing;true;true;2
3;CONSENT_INFO_SHEET_YES;9617;Quality;false;false;3
4;FAMILY_OVARIAN_AFFECTED_SISTER;34106;Concrete Global SMS;false;false;4
5;SELF_BREAST_BIOPSY_DIAGNOSIS_TYPES_UNKNOWN;51663;content-based Executive;true;true;5
6;FAMILY_OVARIAN_AFFECTED_NONE;33902;cross-media;true;true;6
7;FAMILY_BREAST_HOW_MANY_MORE;85092;Marketing;true;true;7
8;SELF_BREAST_BIOPSY_DIAGNOSIS_TYPES_ADH;66350;Home Gloves Latvia;true;false;8
10;FAMILY_BREAST_AFFECTED_HALFSISTER;32539;navigate;true;true;10
